reference_bases,MIN_START,MAX_START,PROP_MIN,PROP_MAX
AT,29784267,138735543,0.007042,0.007042
TA,29816555,138696638,0.008696,0.008696
