TOTAL_SAMPLES,MUTATION_TYPES,MEAN_SQUARE_BETWEEN,MEAN_SQUARE_WITHIN,F_STATISTIC
107,3,0.05536183644597971,0.061358552409836925,0.9022676427598407
