state_name,AVG_INCOME_DIFF,AVG_VULNERABLE_EMPLOYEES
Georgia (U.S. state),17459.4,890.8621058064838
Washington (state),11468.894736842105,1456.3717438823278
California,11050.242973141787,2350.544789948822
Maryland,10901.747641509433,1233.641811297889
New Jersey,10797.616197183099,1407.0383953967964
