CATEGORY,MIN_MINUTES,MAX_MINUTES,TOTAL_REVENUE
long,47.726183,88.115883,41.79
medium,3.289250,47.086100,1817.55
short,0.017850,3.288800,469.26
