RFM_Segment,AverageSalesPerOrder
Champions,301.46620271033316
Hibernating,289.670465477114
Loyal Customers,240.67636245025767
Can't Lose Them,213.08749295774646
Needs Attention,176.6907098765432
Potential Loyalists,86.93391365721679
About to Sleep,86.42350364963504
Lost,79.39285825242719
Recent Users,46.90858170606372
