HIGHWAY_TYPE,SEGMENT_COUNT,TOTAL_LENGTH_METERS,TOTAL_LENGTH_KM
service,23891,1061054.108865896,1061.05
residential,15516,811868.2646612236,811.87
track,11630,544500.5254638664,544.5
unclassified,9547,473459.6608543773,473.46
path,13718,378264.9409432992,378.26
