SeriesInstanceUID,SeriesNumber,PatientID,series_size_mib
1.3.6.1.4.1.14519.5.2.1.1620.1225.839162161496119612428693504302,73400000,EA1141-8882801,9291516
1.3.6.1.4.1.14519.5.2.1.1620.1225.562572559366012854109697795890,73400000,EA1141-8882801,9291510
1.3.6.1.4.1.14519.5.2.1.1620.1225.119046910469226975815874696145,73400000,EA1141-8882801,9291502
1.3.6.1.4.1.14519.5.2.1.1620.1225.126199233307222832552106510489,73400000,EA1141-8882801,9291500
1.3.6.1.4.1.14519.5.2.1.1600.1202.265881952109812168659796080733,13,CMB-LCA-MSB-01499,4721490
