PLOT_TYPE,YEAR,STATE_CODE,AVERAGE_SIZE
macroplot,2015,53,1.0216723838683626
macroplot,2016,53,1.021516239567002
macroplot,2017,53,1.0219003172708594
subplot,2015,39,1.0348095615296886
subplot,2016,64,1.0408743119601933
subplot,2017,72,1.0404519388726816
